--
-- PostgreSQL database dump
--

-- Dumped from database version 16.3 (Ubuntu 16.3-1.pgdg24.04+1)
-- Dumped by pg_dump version 16.3 (Ubuntu 16.3-1.pgdg24.04+1)

SET statement_timeout = 0;
SET lock_timeout = 0;
SET idle_in_transaction_session_timeout = 0;
SET client_encoding = 'UTF8';
SET standard_conforming_strings = on;
SELECT pg_catalog.set_config('search_path', '', false);
SET check_function_bodies = false;
SET xmloption = content;
SET client_min_messages = warning;
SET row_security = off;

--
-- Name: record_sale(integer, integer, integer); Type: FUNCTION; Schema: public; Owner: postgres
--

CREATE FUNCTION public.record_sale(p_product_id integer, p_warehouse_id integer, p_quantity integer) RETURNS void
    LANGUAGE plpgsql
    AS $$
BEGIN
    -- Verifica si hay suficiente cantidad en el inventario
    IF (SELECT quantity FROM inventario_inventory WHERE product_id = p_product_id AND warehouse_id = p_warehouse_id) < p_quantity THEN
        RAISE EXCEPTION 'Cantidad insuficiente en el inventario';
    END IF;

    -- Deduce la cantidad del inventario
    UPDATE inventario_inventory
    SET quantity = quantity - p_quantity
    WHERE product_id = p_product_id AND warehouse_id = p_warehouse_id;

    -- Registrar la venta en la tabla de ventas
    INSERT INTO inventario_sale (product_id, warehouse_id, quantity, sale_date, created_at, updated_at)
    VALUES (p_product_id, p_warehouse_id, p_quantity, NOW(), NOW(), NOW());
END;
$$;


ALTER FUNCTION public.record_sale(p_product_id integer, p_warehouse_id integer, p_quantity integer) OWNER TO postgres;

SET default_tablespace = '';

SET default_table_access_method = heap;

--
-- Name: auth_group; Type: TABLE; Schema: public; Owner: postgres
--

CREATE TABLE public.auth_group (
    id integer NOT NULL,
    name character varying(150) NOT NULL
);


ALTER TABLE public.auth_group OWNER TO postgres;

--
-- Name: auth_group_id_seq; Type: SEQUENCE; Schema: public; Owner: postgres
--

ALTER TABLE public.auth_group ALTER COLUMN id ADD GENERATED BY DEFAULT AS IDENTITY (
    SEQUENCE NAME public.auth_group_id_seq
    START WITH 1
    INCREMENT BY 1
    NO MINVALUE
    NO MAXVALUE
    CACHE 1
);


--
-- Name: auth_group_permissions; Type: TABLE; Schema: public; Owner: postgres
--

CREATE TABLE public.auth_group_permissions (
    id bigint NOT NULL,
    group_id integer NOT NULL,
    permission_id integer NOT NULL
);


ALTER TABLE public.auth_group_permissions OWNER TO postgres;

--
-- Name: auth_group_permissions_id_seq; Type: SEQUENCE; Schema: public; Owner: postgres
--

ALTER TABLE public.auth_group_permissions ALTER COLUMN id ADD GENERATED BY DEFAULT AS IDENTITY (
    SEQUENCE NAME public.auth_group_permissions_id_seq
    START WITH 1
    INCREMENT BY 1
    NO MINVALUE
    NO MAXVALUE
    CACHE 1
);


--
-- Name: auth_permission; Type: TABLE; Schema: public; Owner: postgres
--

CREATE TABLE public.auth_permission (
    id integer NOT NULL,
    name character varying(255) NOT NULL,
    content_type_id integer NOT NULL,
    codename character varying(100) NOT NULL
);


ALTER TABLE public.auth_permission OWNER TO postgres;

--
-- Name: auth_permission_id_seq; Type: SEQUENCE; Schema: public; Owner: postgres
--

ALTER TABLE public.auth_permission ALTER COLUMN id ADD GENERATED BY DEFAULT AS IDENTITY (
    SEQUENCE NAME public.auth_permission_id_seq
    START WITH 1
    INCREMENT BY 1
    NO MINVALUE
    NO MAXVALUE
    CACHE 1
);


--
-- Name: django_admin_log; Type: TABLE; Schema: public; Owner: postgres
--

CREATE TABLE public.django_admin_log (
    id integer NOT NULL,
    action_time timestamp with time zone NOT NULL,
    object_id text,
    object_repr character varying(200) NOT NULL,
    action_flag smallint NOT NULL,
    change_message text NOT NULL,
    content_type_id integer,
    user_id bigint NOT NULL,
    CONSTRAINT django_admin_log_action_flag_check CHECK ((action_flag >= 0))
);


ALTER TABLE public.django_admin_log OWNER TO postgres;

--
-- Name: django_admin_log_id_seq; Type: SEQUENCE; Schema: public; Owner: postgres
--

ALTER TABLE public.django_admin_log ALTER COLUMN id ADD GENERATED BY DEFAULT AS IDENTITY (
    SEQUENCE NAME public.django_admin_log_id_seq
    START WITH 1
    INCREMENT BY 1
    NO MINVALUE
    NO MAXVALUE
    CACHE 1
);


--
-- Name: django_content_type; Type: TABLE; Schema: public; Owner: postgres
--

CREATE TABLE public.django_content_type (
    id integer NOT NULL,
    app_label character varying(100) NOT NULL,
    model character varying(100) NOT NULL
);


ALTER TABLE public.django_content_type OWNER TO postgres;

--
-- Name: django_content_type_id_seq; Type: SEQUENCE; Schema: public; Owner: postgres
--

ALTER TABLE public.django_content_type ALTER COLUMN id ADD GENERATED BY DEFAULT AS IDENTITY (
    SEQUENCE NAME public.django_content_type_id_seq
    START WITH 1
    INCREMENT BY 1
    NO MINVALUE
    NO MAXVALUE
    CACHE 1
);


--
-- Name: django_migrations; Type: TABLE; Schema: public; Owner: postgres
--

CREATE TABLE public.django_migrations (
    id bigint NOT NULL,
    app character varying(255) NOT NULL,
    name character varying(255) NOT NULL,
    applied timestamp with time zone NOT NULL
);


ALTER TABLE public.django_migrations OWNER TO postgres;

--
-- Name: django_migrations_id_seq; Type: SEQUENCE; Schema: public; Owner: postgres
--

ALTER TABLE public.django_migrations ALTER COLUMN id ADD GENERATED BY DEFAULT AS IDENTITY (
    SEQUENCE NAME public.django_migrations_id_seq
    START WITH 1
    INCREMENT BY 1
    NO MINVALUE
    NO MAXVALUE
    CACHE 1
);


--
-- Name: django_session; Type: TABLE; Schema: public; Owner: postgres
--

CREATE TABLE public.django_session (
    session_key character varying(40) NOT NULL,
    session_data text NOT NULL,
    expire_date timestamp with time zone NOT NULL
);


ALTER TABLE public.django_session OWNER TO postgres;

--
-- Name: inventario_customuser; Type: TABLE; Schema: public; Owner: postgres
--

CREATE TABLE public.inventario_customuser (
    id bigint NOT NULL,
    password character varying(128) NOT NULL,
    last_login timestamp with time zone,
    is_superuser boolean NOT NULL,
    email character varying(254) NOT NULL,
    first_name character varying(30) NOT NULL,
    last_name character varying(30) NOT NULL,
    is_active boolean NOT NULL,
    is_staff boolean NOT NULL,
    date_joined timestamp with time zone NOT NULL,
    is_admin boolean NOT NULL
);


ALTER TABLE public.inventario_customuser OWNER TO postgres;

--
-- Name: inventario_customuser_groups; Type: TABLE; Schema: public; Owner: postgres
--

CREATE TABLE public.inventario_customuser_groups (
    id bigint NOT NULL,
    customuser_id bigint NOT NULL,
    group_id integer NOT NULL
);


ALTER TABLE public.inventario_customuser_groups OWNER TO postgres;

--
-- Name: inventario_customuser_groups_id_seq; Type: SEQUENCE; Schema: public; Owner: postgres
--

ALTER TABLE public.inventario_customuser_groups ALTER COLUMN id ADD GENERATED BY DEFAULT AS IDENTITY (
    SEQUENCE NAME public.inventario_customuser_groups_id_seq
    START WITH 1
    INCREMENT BY 1
    NO MINVALUE
    NO MAXVALUE
    CACHE 1
);


--
-- Name: inventario_customuser_id_seq; Type: SEQUENCE; Schema: public; Owner: postgres
--

ALTER TABLE public.inventario_customuser ALTER COLUMN id ADD GENERATED BY DEFAULT AS IDENTITY (
    SEQUENCE NAME public.inventario_customuser_id_seq
    START WITH 1
    INCREMENT BY 1
    NO MINVALUE
    NO MAXVALUE
    CACHE 1
);


--
-- Name: inventario_customuser_user_permissions; Type: TABLE; Schema: public; Owner: postgres
--

CREATE TABLE public.inventario_customuser_user_permissions (
    id bigint NOT NULL,
    customuser_id bigint NOT NULL,
    permission_id integer NOT NULL
);


ALTER TABLE public.inventario_customuser_user_permissions OWNER TO postgres;

--
-- Name: inventario_customuser_user_permissions_id_seq; Type: SEQUENCE; Schema: public; Owner: postgres
--

ALTER TABLE public.inventario_customuser_user_permissions ALTER COLUMN id ADD GENERATED BY DEFAULT AS IDENTITY (
    SEQUENCE NAME public.inventario_customuser_user_permissions_id_seq
    START WITH 1
    INCREMENT BY 1
    NO MINVALUE
    NO MAXVALUE
    CACHE 1
);


--
-- Name: inventario_inventory; Type: TABLE; Schema: public; Owner: postgres
--

CREATE TABLE public.inventario_inventory (
    id bigint NOT NULL,
    quantity integer NOT NULL,
    created_at timestamp with time zone NOT NULL,
    updated_at timestamp with time zone NOT NULL,
    product_id bigint NOT NULL,
    warehouse_id bigint NOT NULL,
    CONSTRAINT inventario_inventory_quantity_check CHECK ((quantity >= 0))
);


ALTER TABLE public.inventario_inventory OWNER TO postgres;

--
-- Name: inventario_inventory_id_seq; Type: SEQUENCE; Schema: public; Owner: postgres
--

ALTER TABLE public.inventario_inventory ALTER COLUMN id ADD GENERATED BY DEFAULT AS IDENTITY (
    SEQUENCE NAME public.inventario_inventory_id_seq
    START WITH 1
    INCREMENT BY 1
    NO MINVALUE
    NO MAXVALUE
    CACHE 1
);


--
-- Name: inventario_product; Type: TABLE; Schema: public; Owner: postgres
--

CREATE TABLE public.inventario_product (
    id bigint NOT NULL,
    name character varying(255) NOT NULL,
    description text,
    price numeric(10,2) NOT NULL,
    created_at timestamp with time zone NOT NULL,
    updated_at timestamp with time zone NOT NULL
);


ALTER TABLE public.inventario_product OWNER TO postgres;

--
-- Name: inventario_product_id_seq; Type: SEQUENCE; Schema: public; Owner: postgres
--

ALTER TABLE public.inventario_product ALTER COLUMN id ADD GENERATED BY DEFAULT AS IDENTITY (
    SEQUENCE NAME public.inventario_product_id_seq
    START WITH 1
    INCREMENT BY 1
    NO MINVALUE
    NO MAXVALUE
    CACHE 1
);


--
-- Name: inventario_sale; Type: TABLE; Schema: public; Owner: postgres
--

CREATE TABLE public.inventario_sale (
    id bigint NOT NULL,
    quantity integer NOT NULL,
    sale_date timestamp with time zone NOT NULL,
    created_at timestamp with time zone NOT NULL,
    updated_at timestamp with time zone NOT NULL,
    product_id bigint NOT NULL,
    warehouse_id bigint NOT NULL,
    CONSTRAINT inventario_sale_quantity_check CHECK ((quantity >= 0))
);


ALTER TABLE public.inventario_sale OWNER TO postgres;

--
-- Name: inventario_sale_id_seq; Type: SEQUENCE; Schema: public; Owner: postgres
--

ALTER TABLE public.inventario_sale ALTER COLUMN id ADD GENERATED BY DEFAULT AS IDENTITY (
    SEQUENCE NAME public.inventario_sale_id_seq
    START WITH 1
    INCREMENT BY 1
    NO MINVALUE
    NO MAXVALUE
    CACHE 1
);


--
-- Name: inventario_warehouse; Type: TABLE; Schema: public; Owner: postgres
--

CREATE TABLE public.inventario_warehouse (
    id bigint NOT NULL,
    name character varying(255) NOT NULL,
    location character varying(255),
    created_at timestamp with time zone NOT NULL,
    updated_at timestamp with time zone NOT NULL
);


ALTER TABLE public.inventario_warehouse OWNER TO postgres;

--
-- Name: inventario_warehouse_id_seq; Type: SEQUENCE; Schema: public; Owner: postgres
--

ALTER TABLE public.inventario_warehouse ALTER COLUMN id ADD GENERATED BY DEFAULT AS IDENTITY (
    SEQUENCE NAME public.inventario_warehouse_id_seq
    START WITH 1
    INCREMENT BY 1
    NO MINVALUE
    NO MAXVALUE
    CACHE 1
);


--
-- Name: inventory; Type: TABLE; Schema: public; Owner: postgres
--

CREATE TABLE public.inventory (
    inventory_id integer NOT NULL,
    product_id integer,
    warehouse_id integer,
    quantity integer NOT NULL,
    created_at timestamp without time zone DEFAULT CURRENT_TIMESTAMP,
    updated_at timestamp without time zone DEFAULT CURRENT_TIMESTAMP,
    CONSTRAINT positive_quantity CHECK ((quantity >= 0))
);


ALTER TABLE public.inventory OWNER TO postgres;

--
-- Name: inventory_inventory_id_seq; Type: SEQUENCE; Schema: public; Owner: postgres
--

CREATE SEQUENCE public.inventory_inventory_id_seq
    AS integer
    START WITH 1
    INCREMENT BY 1
    NO MINVALUE
    NO MAXVALUE
    CACHE 1;


ALTER SEQUENCE public.inventory_inventory_id_seq OWNER TO postgres;

--
-- Name: inventory_inventory_id_seq; Type: SEQUENCE OWNED BY; Schema: public; Owner: postgres
--

ALTER SEQUENCE public.inventory_inventory_id_seq OWNED BY public.inventory.inventory_id;


--
-- Name: products; Type: TABLE; Schema: public; Owner: postgres
--

CREATE TABLE public.products (
    product_id integer NOT NULL,
    name character varying(255) NOT NULL,
    description text,
    price numeric(10,2) NOT NULL,
    created_at timestamp without time zone DEFAULT CURRENT_TIMESTAMP,
    updated_at timestamp without time zone DEFAULT CURRENT_TIMESTAMP
);


ALTER TABLE public.products OWNER TO postgres;

--
-- Name: products_product_id_seq; Type: SEQUENCE; Schema: public; Owner: postgres
--

CREATE SEQUENCE public.products_product_id_seq
    AS integer
    START WITH 1
    INCREMENT BY 1
    NO MINVALUE
    NO MAXVALUE
    CACHE 1;


ALTER SEQUENCE public.products_product_id_seq OWNER TO postgres;

--
-- Name: products_product_id_seq; Type: SEQUENCE OWNED BY; Schema: public; Owner: postgres
--

ALTER SEQUENCE public.products_product_id_seq OWNED BY public.products.product_id;


--
-- Name: sales; Type: TABLE; Schema: public; Owner: postgres
--

CREATE TABLE public.sales (
    sale_id integer NOT NULL,
    product_id integer,
    warehouse_id integer,
    quantity integer NOT NULL,
    sale_date timestamp without time zone DEFAULT CURRENT_TIMESTAMP,
    created_at timestamp without time zone DEFAULT CURRENT_TIMESTAMP,
    updated_at timestamp without time zone DEFAULT CURRENT_TIMESTAMP
);


ALTER TABLE public.sales OWNER TO postgres;

--
-- Name: sales_sale_id_seq; Type: SEQUENCE; Schema: public; Owner: postgres
--

CREATE SEQUENCE public.sales_sale_id_seq
    AS integer
    START WITH 1
    INCREMENT BY 1
    NO MINVALUE
    NO MAXVALUE
    CACHE 1;


ALTER SEQUENCE public.sales_sale_id_seq OWNER TO postgres;

--
-- Name: sales_sale_id_seq; Type: SEQUENCE OWNED BY; Schema: public; Owner: postgres
--

ALTER SEQUENCE public.sales_sale_id_seq OWNED BY public.sales.sale_id;


--
-- Name: warehouses; Type: TABLE; Schema: public; Owner: postgres
--

CREATE TABLE public.warehouses (
    warehouse_id integer NOT NULL,
    name character varying(255) NOT NULL,
    location character varying(255),
    created_at timestamp without time zone DEFAULT CURRENT_TIMESTAMP,
    updated_at timestamp without time zone DEFAULT CURRENT_TIMESTAMP
);


ALTER TABLE public.warehouses OWNER TO postgres;

--
-- Name: warehouses_warehouse_id_seq; Type: SEQUENCE; Schema: public; Owner: postgres
--

CREATE SEQUENCE public.warehouses_warehouse_id_seq
    AS integer
    START WITH 1
    INCREMENT BY 1
    NO MINVALUE
    NO MAXVALUE
    CACHE 1;


ALTER SEQUENCE public.warehouses_warehouse_id_seq OWNER TO postgres;

--
-- Name: warehouses_warehouse_id_seq; Type: SEQUENCE OWNED BY; Schema: public; Owner: postgres
--

ALTER SEQUENCE public.warehouses_warehouse_id_seq OWNED BY public.warehouses.warehouse_id;


--
-- Name: inventory inventory_id; Type: DEFAULT; Schema: public; Owner: postgres
--

ALTER TABLE ONLY public.inventory ALTER COLUMN inventory_id SET DEFAULT nextval('public.inventory_inventory_id_seq'::regclass);


--
-- Name: products product_id; Type: DEFAULT; Schema: public; Owner: postgres
--

ALTER TABLE ONLY public.products ALTER COLUMN product_id SET DEFAULT nextval('public.products_product_id_seq'::regclass);


--
-- Name: sales sale_id; Type: DEFAULT; Schema: public; Owner: postgres
--

ALTER TABLE ONLY public.sales ALTER COLUMN sale_id SET DEFAULT nextval('public.sales_sale_id_seq'::regclass);


--
-- Name: warehouses warehouse_id; Type: DEFAULT; Schema: public; Owner: postgres
--

ALTER TABLE ONLY public.warehouses ALTER COLUMN warehouse_id SET DEFAULT nextval('public.warehouses_warehouse_id_seq'::regclass);


--
-- Data for Name: auth_group; Type: TABLE DATA; Schema: public; Owner: postgres
--

COPY public.auth_group (id, name) FROM stdin;
\.


--
-- Data for Name: auth_group_permissions; Type: TABLE DATA; Schema: public; Owner: postgres
--

COPY public.auth_group_permissions (id, group_id, permission_id) FROM stdin;
\.


--
-- Data for Name: auth_permission; Type: TABLE DATA; Schema: public; Owner: postgres
--

COPY public.auth_permission (id, name, content_type_id, codename) FROM stdin;
1	Can add log entry	1	add_logentry
2	Can change log entry	1	change_logentry
3	Can delete log entry	1	delete_logentry
4	Can view log entry	1	view_logentry
5	Can add permission	2	add_permission
6	Can change permission	2	change_permission
7	Can delete permission	2	delete_permission
8	Can view permission	2	view_permission
9	Can add group	3	add_group
10	Can change group	3	change_group
11	Can delete group	3	delete_group
12	Can view group	3	view_group
13	Can add content type	4	add_contenttype
14	Can change content type	4	change_contenttype
15	Can delete content type	4	delete_contenttype
16	Can view content type	4	view_contenttype
17	Can add session	5	add_session
18	Can change session	5	change_session
19	Can delete session	5	delete_session
20	Can view session	5	view_session
21	Can add custom user	6	add_customuser
22	Can change custom user	6	change_customuser
23	Can delete custom user	6	delete_customuser
24	Can view custom user	6	view_customuser
25	Can add product	7	add_product
26	Can change product	7	change_product
27	Can delete product	7	delete_product
28	Can view product	7	view_product
29	Can add sale	8	add_sale
30	Can change sale	8	change_sale
31	Can delete sale	8	delete_sale
32	Can view sale	8	view_sale
33	Can add warehouse	9	add_warehouse
34	Can change warehouse	9	change_warehouse
35	Can delete warehouse	9	delete_warehouse
36	Can view warehouse	9	view_warehouse
37	Can add inventory	10	add_inventory
38	Can change inventory	10	change_inventory
39	Can delete inventory	10	delete_inventory
40	Can view inventory	10	view_inventory
\.


--
-- Data for Name: django_admin_log; Type: TABLE DATA; Schema: public; Owner: postgres
--

COPY public.django_admin_log (id, action_time, object_id, object_repr, action_flag, change_message, content_type_id, user_id) FROM stdin;
1	2024-07-27 14:14:52.486507-05	2	lesani8429@hotmail.com	1	[{"added": {}}]	6	1
2	2024-07-27 14:19:41.530691-05	2	lesani8429@hotmail.com	2	[{"changed": {"fields": ["First name", "Last name"]}}]	6	1
3	2024-07-28 16:42:08.625609-05	3	leonardosanch@hotmail.com	1	[{"added": {}}]	6	1
4	2024-07-28 16:42:19.278842-05	3	leonardosanch@hotmail.com	2	[{"changed": {"fields": ["Is staff", "Superuser status"]}}]	6	1
5	2024-07-28 22:55:18.59144-05	2	Sale object (2)	1	[{"added": {}}]	8	3
6	2024-07-28 22:55:36.239459-05	3	Sale object (3)	1	[{"added": {}}]	8	3
7	2024-07-28 22:55:49.089709-05	4	Sale object (4)	1	[{"added": {}}]	8	3
8	2024-07-29 11:26:44.605669-05	4	Inventory object (4)	2	[{"changed": {"fields": ["Quantity"]}}]	10	3
9	2024-07-29 11:27:09.286115-05	1	Inventory object (1)	2	[{"changed": {"fields": ["Quantity"]}}]	10	3
10	2024-07-29 11:27:43.244537-05	4	Warehouse object (4)	2	[{"changed": {"fields": ["Location"]}}]	9	3
\.


--
-- Data for Name: django_content_type; Type: TABLE DATA; Schema: public; Owner: postgres
--

COPY public.django_content_type (id, app_label, model) FROM stdin;
1	admin	logentry
2	auth	permission
3	auth	group
4	contenttypes	contenttype
5	sessions	session
6	inventario	customuser
7	inventario	product
8	inventario	sale
9	inventario	warehouse
10	inventario	inventory
\.


--
-- Data for Name: django_migrations; Type: TABLE DATA; Schema: public; Owner: postgres
--

COPY public.django_migrations (id, app, name, applied) FROM stdin;
1	contenttypes	0001_initial	2024-07-26 21:53:12.982241-05
2	contenttypes	0002_remove_content_type_name	2024-07-26 21:53:12.991068-05
3	auth	0001_initial	2024-07-26 21:53:13.083243-05
4	auth	0002_alter_permission_name_max_length	2024-07-26 21:53:13.102819-05
5	auth	0003_alter_user_email_max_length	2024-07-26 21:53:13.118162-05
6	auth	0004_alter_user_username_opts	2024-07-26 21:53:13.126867-05
7	auth	0005_alter_user_last_login_null	2024-07-26 21:53:13.133414-05
8	auth	0006_require_contenttypes_0002	2024-07-26 21:53:13.13562-05
9	auth	0007_alter_validators_add_error_messages	2024-07-26 21:53:13.140996-05
10	auth	0008_alter_user_username_max_length	2024-07-26 21:53:13.146004-05
11	auth	0009_alter_user_last_name_max_length	2024-07-26 21:53:13.151972-05
12	auth	0010_alter_group_name_max_length	2024-07-26 21:53:13.160425-05
13	auth	0011_update_proxy_permissions	2024-07-26 21:53:13.165038-05
14	auth	0012_alter_user_first_name_max_length	2024-07-26 21:53:13.171603-05
15	inventario	0001_initial	2024-07-26 21:53:13.242248-05
16	admin	0001_initial	2024-07-26 21:53:13.273873-05
17	admin	0002_logentry_remove_auto_add	2024-07-26 21:53:13.300757-05
18	admin	0003_logentry_add_action_flag_choices	2024-07-26 21:53:13.310839-05
19	sessions	0001_initial	2024-07-26 21:53:13.329781-05
20	inventario	0002_product_warehouse_sale_inventory	2024-07-27 14:21:39.055507-05
21	inventario	0003_customuser_is_admin	2024-07-28 16:23:26.556209-05
\.


--
-- Data for Name: django_session; Type: TABLE DATA; Schema: public; Owner: postgres
--

COPY public.django_session (session_key, session_data, expire_date) FROM stdin;
snmp8ypqzeog41fpmickz74j4d48xukm	.eJxVjDEOAiEQRe9CbQgCI8TS3jOQYWaQVQPJslsZ766bbKHtf-_9l0q4LjWtQ-Y0sTorpw6_W0Z6SNsA37HduqbelnnKelP0Toe-dpbnZXf_DiqO-q0NElMsHoo1R4_OGhsZJIfsbBAG6yQGRxxPAFQKOPRkiFDAS5aQ1fsD8HQ4tQ:1sYBgp:8kTpgTMZYFoHH0ytdD5418XjV1Z7GDi6P4FFn3bf83A	2024-08-11 16:44:27.021067-05
\.


--
-- Data for Name: inventario_customuser; Type: TABLE DATA; Schema: public; Owner: postgres
--

COPY public.inventario_customuser (id, password, last_login, is_superuser, email, first_name, last_name, is_active, is_staff, date_joined, is_admin) FROM stdin;
3	pbkdf2_sha256$720000$4AKAaJX3lnwxAHLuu0eSDi$3snHVdFhoT0/boQfZqZfvAfaarvVuUV5gYsn3FbRaXY=	2024-07-28 22:54:46.242003-05	t	leonardosanch@hotmail.com			t	t	2024-07-28 16:42:08.624596-05	t
4	a1b2c3d4$	\N	f	user@example.com	string	string	t	f	2024-07-28 18:00:48.351955-05	t
2	pbkdf2_sha256$720000$fH8eJTlwFG12QeQOdxp2CT$MWYJlG+iZ1WlzZ4u5NhA9Py91nePgsc13ccIsQ0t1uY=	2024-07-28 22:54:46.242-05	f	lesani8429@hotmail.com	Alexander	Sanchez	t	f	2024-07-27 14:14:52.485291-05	f
1	pbkdf2_sha256$720000$4AKAaJX3lnwxAHLuu0eSDi$3snHVdFhoT0/boQfZqZfvAfaarvVuUV5gYsn3FbRaXY=	2024-07-29 01:11:31.66799-05	t	leonardosanch@gmail.com			t	t	2024-07-26 21:54:35.814527-05	f
5	pbkdf2_sha256$720000$Jx5H1KecUQ47AUBGPf68i1$UHTD7KqU3vpSfgP93mcLA6ImZBQKmNZUeeO9xR/h5n4=	\N	f	admin@example.com			t	t	2024-07-29 11:38:44.85291-05	f
\.


--
-- Data for Name: inventario_customuser_groups; Type: TABLE DATA; Schema: public; Owner: postgres
--

COPY public.inventario_customuser_groups (id, customuser_id, group_id) FROM stdin;
\.


--
-- Data for Name: inventario_customuser_user_permissions; Type: TABLE DATA; Schema: public; Owner: postgres
--

COPY public.inventario_customuser_user_permissions (id, customuser_id, permission_id) FROM stdin;
\.


--
-- Data for Name: inventario_inventory; Type: TABLE DATA; Schema: public; Owner: postgres
--

COPY public.inventario_inventory (id, quantity, created_at, updated_at, product_id, warehouse_id) FROM stdin;
2	1000	2024-07-28 19:49:50.074398-05	2024-07-28 19:49:50.074474-05	2	2
4	500	2024-07-29 01:00:42.048085-05	2024-07-29 11:26:44.604246-05	4	4
5	50	2024-07-29 11:38:44.891283-05	2024-07-29 11:38:44.891297-05	5	5
6	50	2024-07-29 11:42:22.8542-05	2024-07-29 11:42:22.854215-05	6	6
7	50	2024-07-29 11:45:12.266184-05	2024-07-29 11:45:12.266218-05	7	7
1	1950	2024-07-28 19:47:00.02787-05	2024-07-29 11:27:09.283916-05	1	1
3	495	2024-07-28 20:30:24.20893-05	2024-07-28 20:30:24.208945-05	1	3
\.


--
-- Data for Name: inventario_product; Type: TABLE DATA; Schema: public; Owner: postgres
--

COPY public.inventario_product (id, name, description, price, created_at, updated_at) FROM stdin;
1	Producto 1	Descripción del producto 1	100.00	2024-07-28 18:13:47.027819-05	2024-07-28 18:13:47.027832-05
2	Producto 2	Descripción del producto 2	400.00	2024-07-28 19:48:29.809666-05	2024-07-28 19:48:29.809682-05
3	Producto 3	Descripción del producto 3	50000.00	2024-07-28 20:01:56.537676-05	2024-07-28 20:01:56.537721-05
4	Producto 4	Producto 4	1200.00	2024-07-29 00:59:40.844007-05	2024-07-29 00:59:40.844021-05
5	Test Product	Test Description	10.00	2024-07-29 11:38:44.883384-05	2024-07-29 11:38:44.883397-05
6	Test Product	Test Description	10.00	2024-07-29 11:42:22.848018-05	2024-07-29 11:42:22.848034-05
7	Test Product	Test Description	10.00	2024-07-29 11:45:12.258088-05	2024-07-29 11:45:12.258103-05
\.


--
-- Data for Name: inventario_sale; Type: TABLE DATA; Schema: public; Owner: postgres
--

COPY public.inventario_sale (id, quantity, sale_date, created_at, updated_at, product_id, warehouse_id) FROM stdin;
1	10	2024-07-28 20:21:19.048524-05	2024-07-28 20:21:19.048524-05	2024-07-28 20:21:19.048524-05	1	1
2	20	2024-07-28 22:55:03-05	2024-07-28 22:55:18.589656-05	2024-07-28 22:55:18.58967-05	1	1
3	30	2024-07-28 22:55:24-05	2024-07-28 22:55:36.237876-05	2024-07-28 22:55:36.237888-05	1	2
4	60	2024-07-28 22:55:39-05	2024-07-28 22:55:49.088339-05	2024-07-28 22:55:49.088348-05	2	2
5	10	2024-07-28 23:24:17.121492-05	2024-07-28 23:24:17.121492-05	2024-07-28 23:24:17.121492-05	1	1
6	20	2024-07-28 23:25:50.560988-05	2024-07-28 23:25:50.560988-05	2024-07-28 23:25:50.560988-05	1	1
7	1	2024-07-28 23:58:44.866708-05	2024-07-28 23:58:44.866708-05	2024-07-28 23:58:44.866708-05	1	2
8	20	2024-07-29 00:49:13.412852-05	2024-07-29 00:49:13.412852-05	2024-07-29 00:49:13.412852-05	1	2
9	79	2024-07-29 01:01:25.725352-05	2024-07-29 01:01:25.725352-05	2024-07-29 01:01:25.725352-05	4	4
10	10	2024-07-29 10:34:24.846415-05	2024-07-29 10:34:24.846415-05	2024-07-29 10:34:24.846415-05	1	1
11	1	2024-07-29 10:35:07.107339-05	2024-07-29 10:35:07.107339-05	2024-07-29 10:35:07.107339-05	1	1
12	1	2024-07-29 10:35:08.692923-05	2024-07-29 10:35:08.692923-05	2024-07-29 10:35:08.692923-05	1	1
13	1	2024-07-29 10:35:15.198054-05	2024-07-29 10:35:15.198054-05	2024-07-29 10:35:15.198054-05	1	1
14	10	2024-07-29 11:55:52.11984-05	2024-07-29 11:55:52.11984-05	2024-07-29 11:55:52.11984-05	1	1
15	10	2024-07-29 11:55:55.669998-05	2024-07-29 11:55:55.669998-05	2024-07-29 11:55:55.669998-05	1	1
16	10	2024-07-29 11:56:33.723267-05	2024-07-29 11:56:33.723267-05	2024-07-29 11:56:33.723267-05	1	1
17	10	2024-07-29 11:56:36.002424-05	2024-07-29 11:56:36.002424-05	2024-07-29 11:56:36.002424-05	1	1
18	10	2024-07-29 11:56:47.231573-05	2024-07-29 11:56:47.231573-05	2024-07-29 11:56:47.231573-05	1	1
19	5	2024-07-29 12:26:30.044328-05	2024-07-29 12:26:30.044328-05	2024-07-29 12:26:30.044328-05	1	3
\.


--
-- Data for Name: inventario_warehouse; Type: TABLE DATA; Schema: public; Owner: postgres
--

COPY public.inventario_warehouse (id, name, location, created_at, updated_at) FROM stdin;
1	Bodega 1	Cartagena	2024-07-28 19:45:33.43308-05	2024-07-28 19:45:33.433106-05
2	Bodega 2	Medellin	2024-07-28 19:49:19.258211-05	2024-07-28 19:49:19.258488-05
3	Bodega 3	Cali	2024-07-28 20:29:08.602951-05	2024-07-28 20:29:08.603003-05
4	Bodega 4	Bogota	2024-07-29 00:49:30.217864-05	2024-07-29 11:27:43.243592-05
5	Test Warehouse	Test Location	2024-07-29 11:38:44.885877-05	2024-07-29 11:38:44.885891-05
6	Test Warehouse	Test Location	2024-07-29 11:42:22.850744-05	2024-07-29 11:42:22.850774-05
7	Test Warehouse	Test Location	2024-07-29 11:45:12.260824-05	2024-07-29 11:45:12.260836-05
\.


--
-- Data for Name: inventory; Type: TABLE DATA; Schema: public; Owner: postgres
--

COPY public.inventory (inventory_id, product_id, warehouse_id, quantity, created_at, updated_at) FROM stdin;
\.


--
-- Data for Name: products; Type: TABLE DATA; Schema: public; Owner: postgres
--

COPY public.products (product_id, name, description, price, created_at, updated_at) FROM stdin;
\.


--
-- Data for Name: sales; Type: TABLE DATA; Schema: public; Owner: postgres
--

COPY public.sales (sale_id, product_id, warehouse_id, quantity, sale_date, created_at, updated_at) FROM stdin;
\.


--
-- Data for Name: warehouses; Type: TABLE DATA; Schema: public; Owner: postgres
--

COPY public.warehouses (warehouse_id, name, location, created_at, updated_at) FROM stdin;
\.


--
-- Name: auth_group_id_seq; Type: SEQUENCE SET; Schema: public; Owner: postgres
--

SELECT pg_catalog.setval('public.auth_group_id_seq', 1, false);


--
-- Name: auth_group_permissions_id_seq; Type: SEQUENCE SET; Schema: public; Owner: postgres
--

SELECT pg_catalog.setval('public.auth_group_permissions_id_seq', 1, false);


--
-- Name: auth_permission_id_seq; Type: SEQUENCE SET; Schema: public; Owner: postgres
--

SELECT pg_catalog.setval('public.auth_permission_id_seq', 40, true);


--
-- Name: django_admin_log_id_seq; Type: SEQUENCE SET; Schema: public; Owner: postgres
--

SELECT pg_catalog.setval('public.django_admin_log_id_seq', 10, true);


--
-- Name: django_content_type_id_seq; Type: SEQUENCE SET; Schema: public; Owner: postgres
--

SELECT pg_catalog.setval('public.django_content_type_id_seq', 10, true);


--
-- Name: django_migrations_id_seq; Type: SEQUENCE SET; Schema: public; Owner: postgres
--

SELECT pg_catalog.setval('public.django_migrations_id_seq', 21, true);


--
-- Name: inventario_customuser_groups_id_seq; Type: SEQUENCE SET; Schema: public; Owner: postgres
--

SELECT pg_catalog.setval('public.inventario_customuser_groups_id_seq', 1, false);


--
-- Name: inventario_customuser_id_seq; Type: SEQUENCE SET; Schema: public; Owner: postgres
--

SELECT pg_catalog.setval('public.inventario_customuser_id_seq', 7, true);


--
-- Name: inventario_customuser_user_permissions_id_seq; Type: SEQUENCE SET; Schema: public; Owner: postgres
--

SELECT pg_catalog.setval('public.inventario_customuser_user_permissions_id_seq', 1, false);


--
-- Name: inventario_inventory_id_seq; Type: SEQUENCE SET; Schema: public; Owner: postgres
--

SELECT pg_catalog.setval('public.inventario_inventory_id_seq', 7, true);


--
-- Name: inventario_product_id_seq; Type: SEQUENCE SET; Schema: public; Owner: postgres
--

SELECT pg_catalog.setval('public.inventario_product_id_seq', 7, true);


--
-- Name: inventario_sale_id_seq; Type: SEQUENCE SET; Schema: public; Owner: postgres
--

SELECT pg_catalog.setval('public.inventario_sale_id_seq', 19, true);


--
-- Name: inventario_warehouse_id_seq; Type: SEQUENCE SET; Schema: public; Owner: postgres
--

SELECT pg_catalog.setval('public.inventario_warehouse_id_seq', 7, true);


--
-- Name: inventory_inventory_id_seq; Type: SEQUENCE SET; Schema: public; Owner: postgres
--

SELECT pg_catalog.setval('public.inventory_inventory_id_seq', 1, false);


--
-- Name: products_product_id_seq; Type: SEQUENCE SET; Schema: public; Owner: postgres
--

SELECT pg_catalog.setval('public.products_product_id_seq', 1, false);


--
-- Name: sales_sale_id_seq; Type: SEQUENCE SET; Schema: public; Owner: postgres
--

SELECT pg_catalog.setval('public.sales_sale_id_seq', 2, true);


--
-- Name: warehouses_warehouse_id_seq; Type: SEQUENCE SET; Schema: public; Owner: postgres
--

SELECT pg_catalog.setval('public.warehouses_warehouse_id_seq', 1, false);


--
-- Name: auth_group auth_group_name_key; Type: CONSTRAINT; Schema: public; Owner: postgres
--

ALTER TABLE ONLY public.auth_group
    ADD CONSTRAINT auth_group_name_key UNIQUE (name);


--
-- Name: auth_group_permissions auth_group_permissions_group_id_permission_id_0cd325b0_uniq; Type: CONSTRAINT; Schema: public; Owner: postgres
--

ALTER TABLE ONLY public.auth_group_permissions
    ADD CONSTRAINT auth_group_permissions_group_id_permission_id_0cd325b0_uniq UNIQUE (group_id, permission_id);


--
-- Name: auth_group_permissions auth_group_permissions_pkey; Type: CONSTRAINT; Schema: public; Owner: postgres
--

ALTER TABLE ONLY public.auth_group_permissions
    ADD CONSTRAINT auth_group_permissions_pkey PRIMARY KEY (id);


--
-- Name: auth_group auth_group_pkey; Type: CONSTRAINT; Schema: public; Owner: postgres
--

ALTER TABLE ONLY public.auth_group
    ADD CONSTRAINT auth_group_pkey PRIMARY KEY (id);


--
-- Name: auth_permission auth_permission_content_type_id_codename_01ab375a_uniq; Type: CONSTRAINT; Schema: public; Owner: postgres
--

ALTER TABLE ONLY public.auth_permission
    ADD CONSTRAINT auth_permission_content_type_id_codename_01ab375a_uniq UNIQUE (content_type_id, codename);


--
-- Name: auth_permission auth_permission_pkey; Type: CONSTRAINT; Schema: public; Owner: postgres
--

ALTER TABLE ONLY public.auth_permission
    ADD CONSTRAINT auth_permission_pkey PRIMARY KEY (id);


--
-- Name: django_admin_log django_admin_log_pkey; Type: CONSTRAINT; Schema: public; Owner: postgres
--

ALTER TABLE ONLY public.django_admin_log
    ADD CONSTRAINT django_admin_log_pkey PRIMARY KEY (id);


--
-- Name: django_content_type django_content_type_app_label_model_76bd3d3b_uniq; Type: CONSTRAINT; Schema: public; Owner: postgres
--

ALTER TABLE ONLY public.django_content_type
    ADD CONSTRAINT django_content_type_app_label_model_76bd3d3b_uniq UNIQUE (app_label, model);


--
-- Name: django_content_type django_content_type_pkey; Type: CONSTRAINT; Schema: public; Owner: postgres
--

ALTER TABLE ONLY public.django_content_type
    ADD CONSTRAINT django_content_type_pkey PRIMARY KEY (id);


--
-- Name: django_migrations django_migrations_pkey; Type: CONSTRAINT; Schema: public; Owner: postgres
--

ALTER TABLE ONLY public.django_migrations
    ADD CONSTRAINT django_migrations_pkey PRIMARY KEY (id);


--
-- Name: django_session django_session_pkey; Type: CONSTRAINT; Schema: public; Owner: postgres
--

ALTER TABLE ONLY public.django_session
    ADD CONSTRAINT django_session_pkey PRIMARY KEY (session_key);


--
-- Name: inventario_customuser inventario_customuser_email_key; Type: CONSTRAINT; Schema: public; Owner: postgres
--

ALTER TABLE ONLY public.inventario_customuser
    ADD CONSTRAINT inventario_customuser_email_key UNIQUE (email);


--
-- Name: inventario_customuser_groups inventario_customuser_gr_customuser_id_group_id_0bf6c5a8_uniq; Type: CONSTRAINT; Schema: public; Owner: postgres
--

ALTER TABLE ONLY public.inventario_customuser_groups
    ADD CONSTRAINT inventario_customuser_gr_customuser_id_group_id_0bf6c5a8_uniq UNIQUE (customuser_id, group_id);


--
-- Name: inventario_customuser_groups inventario_customuser_groups_pkey; Type: CONSTRAINT; Schema: public; Owner: postgres
--

ALTER TABLE ONLY public.inventario_customuser_groups
    ADD CONSTRAINT inventario_customuser_groups_pkey PRIMARY KEY (id);


--
-- Name: inventario_customuser inventario_customuser_pkey; Type: CONSTRAINT; Schema: public; Owner: postgres
--

ALTER TABLE ONLY public.inventario_customuser
    ADD CONSTRAINT inventario_customuser_pkey PRIMARY KEY (id);


--
-- Name: inventario_customuser_user_permissions inventario_customuser_us_customuser_id_permission_78f9503a_uniq; Type: CONSTRAINT; Schema: public; Owner: postgres
--

ALTER TABLE ONLY public.inventario_customuser_user_permissions
    ADD CONSTRAINT inventario_customuser_us_customuser_id_permission_78f9503a_uniq UNIQUE (customuser_id, permission_id);


--
-- Name: inventario_customuser_user_permissions inventario_customuser_user_permissions_pkey; Type: CONSTRAINT; Schema: public; Owner: postgres
--

ALTER TABLE ONLY public.inventario_customuser_user_permissions
    ADD CONSTRAINT inventario_customuser_user_permissions_pkey PRIMARY KEY (id);


--
-- Name: inventario_inventory inventario_inventory_pkey; Type: CONSTRAINT; Schema: public; Owner: postgres
--

ALTER TABLE ONLY public.inventario_inventory
    ADD CONSTRAINT inventario_inventory_pkey PRIMARY KEY (id);


--
-- Name: inventario_inventory inventario_inventory_product_id_warehouse_id_09301dc7_uniq; Type: CONSTRAINT; Schema: public; Owner: postgres
--

ALTER TABLE ONLY public.inventario_inventory
    ADD CONSTRAINT inventario_inventory_product_id_warehouse_id_09301dc7_uniq UNIQUE (product_id, warehouse_id);


--
-- Name: inventario_product inventario_product_pkey; Type: CONSTRAINT; Schema: public; Owner: postgres
--

ALTER TABLE ONLY public.inventario_product
    ADD CONSTRAINT inventario_product_pkey PRIMARY KEY (id);


--
-- Name: inventario_sale inventario_sale_pkey; Type: CONSTRAINT; Schema: public; Owner: postgres
--

ALTER TABLE ONLY public.inventario_sale
    ADD CONSTRAINT inventario_sale_pkey PRIMARY KEY (id);


--
-- Name: inventario_warehouse inventario_warehouse_pkey; Type: CONSTRAINT; Schema: public; Owner: postgres
--

ALTER TABLE ONLY public.inventario_warehouse
    ADD CONSTRAINT inventario_warehouse_pkey PRIMARY KEY (id);


--
-- Name: inventory inventory_pkey; Type: CONSTRAINT; Schema: public; Owner: postgres
--

ALTER TABLE ONLY public.inventory
    ADD CONSTRAINT inventory_pkey PRIMARY KEY (inventory_id);


--
-- Name: inventory inventory_product_id_warehouse_id_key; Type: CONSTRAINT; Schema: public; Owner: postgres
--

ALTER TABLE ONLY public.inventory
    ADD CONSTRAINT inventory_product_id_warehouse_id_key UNIQUE (product_id, warehouse_id);


--
-- Name: products products_pkey; Type: CONSTRAINT; Schema: public; Owner: postgres
--

ALTER TABLE ONLY public.products
    ADD CONSTRAINT products_pkey PRIMARY KEY (product_id);


--
-- Name: sales sales_pkey; Type: CONSTRAINT; Schema: public; Owner: postgres
--

ALTER TABLE ONLY public.sales
    ADD CONSTRAINT sales_pkey PRIMARY KEY (sale_id);


--
-- Name: warehouses warehouses_pkey; Type: CONSTRAINT; Schema: public; Owner: postgres
--

ALTER TABLE ONLY public.warehouses
    ADD CONSTRAINT warehouses_pkey PRIMARY KEY (warehouse_id);


--
-- Name: auth_group_name_a6ea08ec_like; Type: INDEX; Schema: public; Owner: postgres
--

CREATE INDEX auth_group_name_a6ea08ec_like ON public.auth_group USING btree (name varchar_pattern_ops);


--
-- Name: auth_group_permissions_group_id_b120cbf9; Type: INDEX; Schema: public; Owner: postgres
--

CREATE INDEX auth_group_permissions_group_id_b120cbf9 ON public.auth_group_permissions USING btree (group_id);


--
-- Name: auth_group_permissions_permission_id_84c5c92e; Type: INDEX; Schema: public; Owner: postgres
--

CREATE INDEX auth_group_permissions_permission_id_84c5c92e ON public.auth_group_permissions USING btree (permission_id);


--
-- Name: auth_permission_content_type_id_2f476e4b; Type: INDEX; Schema: public; Owner: postgres
--

CREATE INDEX auth_permission_content_type_id_2f476e4b ON public.auth_permission USING btree (content_type_id);


--
-- Name: django_admin_log_content_type_id_c4bce8eb; Type: INDEX; Schema: public; Owner: postgres
--

CREATE INDEX django_admin_log_content_type_id_c4bce8eb ON public.django_admin_log USING btree (content_type_id);


--
-- Name: django_admin_log_user_id_c564eba6; Type: INDEX; Schema: public; Owner: postgres
--

CREATE INDEX django_admin_log_user_id_c564eba6 ON public.django_admin_log USING btree (user_id);


--
-- Name: django_session_expire_date_a5c62663; Type: INDEX; Schema: public; Owner: postgres
--

CREATE INDEX django_session_expire_date_a5c62663 ON public.django_session USING btree (expire_date);


--
-- Name: django_session_session_key_c0390e0f_like; Type: INDEX; Schema: public; Owner: postgres
--

CREATE INDEX django_session_session_key_c0390e0f_like ON public.django_session USING btree (session_key varchar_pattern_ops);


--
-- Name: idx_product_name; Type: INDEX; Schema: public; Owner: postgres
--

CREATE INDEX idx_product_name ON public.products USING btree (name);


--
-- Name: idx_warehouse_name; Type: INDEX; Schema: public; Owner: postgres
--

CREATE INDEX idx_warehouse_name ON public.warehouses USING btree (name);


--
-- Name: inventario_customuser_email_fd00fe30_like; Type: INDEX; Schema: public; Owner: postgres
--

CREATE INDEX inventario_customuser_email_fd00fe30_like ON public.inventario_customuser USING btree (email varchar_pattern_ops);


--
-- Name: inventario_customuser_groups_customuser_id_41db6599; Type: INDEX; Schema: public; Owner: postgres
--

CREATE INDEX inventario_customuser_groups_customuser_id_41db6599 ON public.inventario_customuser_groups USING btree (customuser_id);


--
-- Name: inventario_customuser_groups_group_id_94b1bb08; Type: INDEX; Schema: public; Owner: postgres
--

CREATE INDEX inventario_customuser_groups_group_id_94b1bb08 ON public.inventario_customuser_groups USING btree (group_id);


--
-- Name: inventario_customuser_user_permissions_customuser_id_e844320f; Type: INDEX; Schema: public; Owner: postgres
--

CREATE INDEX inventario_customuser_user_permissions_customuser_id_e844320f ON public.inventario_customuser_user_permissions USING btree (customuser_id);


--
-- Name: inventario_customuser_user_permissions_permission_id_8e0f1389; Type: INDEX; Schema: public; Owner: postgres
--

CREATE INDEX inventario_customuser_user_permissions_permission_id_8e0f1389 ON public.inventario_customuser_user_permissions USING btree (permission_id);


--
-- Name: inventario_inventory_product_id_96abb9f3; Type: INDEX; Schema: public; Owner: postgres
--

CREATE INDEX inventario_inventory_product_id_96abb9f3 ON public.inventario_inventory USING btree (product_id);


--
-- Name: inventario_inventory_warehouse_id_d5aefb49; Type: INDEX; Schema: public; Owner: postgres
--

CREATE INDEX inventario_inventory_warehouse_id_d5aefb49 ON public.inventario_inventory USING btree (warehouse_id);


--
-- Name: inventario_sale_product_id_317b554b; Type: INDEX; Schema: public; Owner: postgres
--

CREATE INDEX inventario_sale_product_id_317b554b ON public.inventario_sale USING btree (product_id);


--
-- Name: inventario_sale_warehouse_id_a875227e; Type: INDEX; Schema: public; Owner: postgres
--

CREATE INDEX inventario_sale_warehouse_id_a875227e ON public.inventario_sale USING btree (warehouse_id);


--
-- Name: auth_group_permissions auth_group_permissio_permission_id_84c5c92e_fk_auth_perm; Type: FK CONSTRAINT; Schema: public; Owner: postgres
--

ALTER TABLE ONLY public.auth_group_permissions
    ADD CONSTRAINT auth_group_permissio_permission_id_84c5c92e_fk_auth_perm FOREIGN KEY (permission_id) REFERENCES public.auth_permission(id) DEFERRABLE INITIALLY DEFERRED;


--
-- Name: auth_group_permissions auth_group_permissions_group_id_b120cbf9_fk_auth_group_id; Type: FK CONSTRAINT; Schema: public; Owner: postgres
--

ALTER TABLE ONLY public.auth_group_permissions
    ADD CONSTRAINT auth_group_permissions_group_id_b120cbf9_fk_auth_group_id FOREIGN KEY (group_id) REFERENCES public.auth_group(id) DEFERRABLE INITIALLY DEFERRED;


--
-- Name: auth_permission auth_permission_content_type_id_2f476e4b_fk_django_co; Type: FK CONSTRAINT; Schema: public; Owner: postgres
--

ALTER TABLE ONLY public.auth_permission
    ADD CONSTRAINT auth_permission_content_type_id_2f476e4b_fk_django_co FOREIGN KEY (content_type_id) REFERENCES public.django_content_type(id) DEFERRABLE INITIALLY DEFERRED;


--
-- Name: django_admin_log django_admin_log_content_type_id_c4bce8eb_fk_django_co; Type: FK CONSTRAINT; Schema: public; Owner: postgres
--

ALTER TABLE ONLY public.django_admin_log
    ADD CONSTRAINT django_admin_log_content_type_id_c4bce8eb_fk_django_co FOREIGN KEY (content_type_id) REFERENCES public.django_content_type(id) DEFERRABLE INITIALLY DEFERRED;


--
-- Name: django_admin_log django_admin_log_user_id_c564eba6_fk_inventario_customuser_id; Type: FK CONSTRAINT; Schema: public; Owner: postgres
--

ALTER TABLE ONLY public.django_admin_log
    ADD CONSTRAINT django_admin_log_user_id_c564eba6_fk_inventario_customuser_id FOREIGN KEY (user_id) REFERENCES public.inventario_customuser(id) DEFERRABLE INITIALLY DEFERRED;


--
-- Name: inventario_customuser_groups inventario_customuse_customuser_id_41db6599_fk_inventari; Type: FK CONSTRAINT; Schema: public; Owner: postgres
--

ALTER TABLE ONLY public.inventario_customuser_groups
    ADD CONSTRAINT inventario_customuse_customuser_id_41db6599_fk_inventari FOREIGN KEY (customuser_id) REFERENCES public.inventario_customuser(id) DEFERRABLE INITIALLY DEFERRED;


--
-- Name: inventario_customuser_user_permissions inventario_customuse_customuser_id_e844320f_fk_inventari; Type: FK CONSTRAINT; Schema: public; Owner: postgres
--

ALTER TABLE ONLY public.inventario_customuser_user_permissions
    ADD CONSTRAINT inventario_customuse_customuser_id_e844320f_fk_inventari FOREIGN KEY (customuser_id) REFERENCES public.inventario_customuser(id) DEFERRABLE INITIALLY DEFERRED;


--
-- Name: inventario_customuser_user_permissions inventario_customuse_permission_id_8e0f1389_fk_auth_perm; Type: FK CONSTRAINT; Schema: public; Owner: postgres
--

ALTER TABLE ONLY public.inventario_customuser_user_permissions
    ADD CONSTRAINT inventario_customuse_permission_id_8e0f1389_fk_auth_perm FOREIGN KEY (permission_id) REFERENCES public.auth_permission(id) DEFERRABLE INITIALLY DEFERRED;


--
-- Name: inventario_customuser_groups inventario_customuser_groups_group_id_94b1bb08_fk_auth_group_id; Type: FK CONSTRAINT; Schema: public; Owner: postgres
--

ALTER TABLE ONLY public.inventario_customuser_groups
    ADD CONSTRAINT inventario_customuser_groups_group_id_94b1bb08_fk_auth_group_id FOREIGN KEY (group_id) REFERENCES public.auth_group(id) DEFERRABLE INITIALLY DEFERRED;


--
-- Name: inventario_inventory inventario_inventory_product_id_96abb9f3_fk_inventari; Type: FK CONSTRAINT; Schema: public; Owner: postgres
--

ALTER TABLE ONLY public.inventario_inventory
    ADD CONSTRAINT inventario_inventory_product_id_96abb9f3_fk_inventari FOREIGN KEY (product_id) REFERENCES public.inventario_product(id) DEFERRABLE INITIALLY DEFERRED;


--
-- Name: inventario_inventory inventario_inventory_warehouse_id_d5aefb49_fk_inventari; Type: FK CONSTRAINT; Schema: public; Owner: postgres
--

ALTER TABLE ONLY public.inventario_inventory
    ADD CONSTRAINT inventario_inventory_warehouse_id_d5aefb49_fk_inventari FOREIGN KEY (warehouse_id) REFERENCES public.inventario_warehouse(id) DEFERRABLE INITIALLY DEFERRED;


--
-- Name: inventario_sale inventario_sale_product_id_317b554b_fk_inventario_product_id; Type: FK CONSTRAINT; Schema: public; Owner: postgres
--

ALTER TABLE ONLY public.inventario_sale
    ADD CONSTRAINT inventario_sale_product_id_317b554b_fk_inventario_product_id FOREIGN KEY (product_id) REFERENCES public.inventario_product(id) DEFERRABLE INITIALLY DEFERRED;


--
-- Name: inventario_sale inventario_sale_warehouse_id_a875227e_fk_inventari; Type: FK CONSTRAINT; Schema: public; Owner: postgres
--

ALTER TABLE ONLY public.inventario_sale
    ADD CONSTRAINT inventario_sale_warehouse_id_a875227e_fk_inventari FOREIGN KEY (warehouse_id) REFERENCES public.inventario_warehouse(id) DEFERRABLE INITIALLY DEFERRED;


--
-- Name: inventory inventory_product_id_fkey; Type: FK CONSTRAINT; Schema: public; Owner: postgres
--

ALTER TABLE ONLY public.inventory
    ADD CONSTRAINT inventory_product_id_fkey FOREIGN KEY (product_id) REFERENCES public.products(product_id);


--
-- Name: inventory inventory_warehouse_id_fkey; Type: FK CONSTRAINT; Schema: public; Owner: postgres
--

ALTER TABLE ONLY public.inventory
    ADD CONSTRAINT inventory_warehouse_id_fkey FOREIGN KEY (warehouse_id) REFERENCES public.warehouses(warehouse_id);


--
-- Name: sales sales_product_id_fkey; Type: FK CONSTRAINT; Schema: public; Owner: postgres
--

ALTER TABLE ONLY public.sales
    ADD CONSTRAINT sales_product_id_fkey FOREIGN KEY (product_id) REFERENCES public.products(product_id);


--
-- Name: sales sales_warehouse_id_fkey; Type: FK CONSTRAINT; Schema: public; Owner: postgres
--

ALTER TABLE ONLY public.sales
    ADD CONSTRAINT sales_warehouse_id_fkey FOREIGN KEY (warehouse_id) REFERENCES public.warehouses(warehouse_id);


--
-- PostgreSQL database dump complete
--

